,volume,bid,ask,avg_bid,avg_ask,last_trade
0,200.000,273.510,295.340,295.340,295.340,291.890
1,500.000,273.510,295.340,295.340,295.340,293.180
2,424.000,273.510,295.340,273.510,295.340,291.280
3,152.000,286.060,295.340,273.510,295.340,290.920
4,200.000,293.060,295.340,273.510,295.340,290.020
5,100.000,291.250,291.490,273.702,295.251,289.960
6,0.000,291.450,293.710,291.286,292.464,289.960
7,300.000,290.320,291.850,292.687,293.396,289.590
8,100.000,289.830,292.010,291.237,291.972,290.010
9,200.000,291.450,290.940,291.118,291.883,288.510
10,948.000,289.980,290.210,289.982,290.643,286.410
11,200.000,289.690,292.550,290.296,291.012,285.800
12,0.000,289.250,290.670,291.025,291.745,285.800
13,500.000,287.960,290.050,289.834,290.482,286.050
14,0.000,286.390,290.440,289.585,290.226,286.050
15,0.000,285.820,288.580,289.121,289.671,286.050
16,100.000,285.570,287.030,286.311,287.002,286.770
17,0.000,285.950,286.240,285.683,286.175,286.770
18,200.000,285.630,286.260,285.959,286.510,286.720
19,100.000,286.090,286.280,285.844,286.256,286.390
20,0.000,286.080,286.690,285.571,286.203,286.390
21,0.000,285.920,286.730,285.899,286.535,286.390
22,100.000,286.310,287.120,286.493,287.169,285.040
23,100.000,285.900,286.200,285.972,286.592,285.140
24,100.000,285.200,287.010,286.307,287.043,285.070
25,100.000,284.850,286.190,285.929,286.440,284.820
26,100.000,284.920,285.820,285.323,285.948,283.510
27,3268.000,285.120,285.540,285.048,285.690,282.480
28,0.000,284.780,285.180,284.678,285.251,282.480
29,900.000,284.020,285.840,284.877,285.528,283.070
30,0.000,282.370,285.410,284.718,285.283,283.070
31,100.000,282.060,284.280,284.128,284.641,283.960
32,100.000,282.970,283.010,283.052,283.676,283.890
33,100.000,283.030,283.020,282.214,282.751,283.790
34,300.000,283.780,283.990,282.920,283.582,283.700
35,100.000,284.210,283.590,283.140,283.700,282.870
36,200.000,283.890,284.540,283.789,284.317,282.820
37,100.000,283.730,284.870,283.943,284.346,282.330
38,800.000,282.640,284.620,283.959,284.526,282.640
39,600.000,283.340,284.420,284.162,284.744,289.250
40,200.000,282.750,283.300,283.353,283.937,290.580
41,800.000,281.810,283.920,283.068,283.657,291.570
42,0.000,282.060,283.350,282.819,283.385,291.570
43,0.000,287.200,282.940,282.470,283.178,291.570
44,100.000,287.200,283.240,282.137,282.907,290.510
45,0.000,287.200,315.530,287.200,287.200,290.510
46,200.000,289.160,298.040,287.200,287.200,287.500
47,0.000,289.160,295.500,287.200,287.200,287.500
48,1300.000,272.530,295.220,289.160,295.228,283.790
49,300.000,272.530,292.980,289.160,299.993,284.990
50,200.000,272.530,290.720,272.530,297.972,285.190
51,500.000,287.560,289.690,272.530,295.220,283.860
52,400.000,288.700,290.590,272.530,293.379,285.830
53,100.000,290.190,291.590,272.738,292.968,285.590
54,0.000,291.160,291.860,289.543,290.937,285.590
55,0.000,291.490,290.590,289.351,290.112,285.590
56,100.000,289.450,289.650,291.094,291.838,285.190
57,0.000,288.510,287.900,291.239,291.906,285.190
58,0.000,287.330,287.880,290.248,291.054,285.190
59,0.000,287.190,285.810,289.732,290.530,285.190
60,0.000,285.170,283.910,287.789,288.523,285.190
61,0.000,283.690,285.990,287.049,287.679,285.190
62,100.000,285.260,285.330,286.227,286.904,285.070
63,0.000,285.050,285.020,284.712,285.301,285.070
64,100.000,284.780,286.210,284.617,285.323,285.830
65,0.000,285.860,285.970,284.989,285.556,285.830
66,0.000,285.450,285.900,284.282,284.807,285.830
67,200.000,285.170,285.650,285.369,285.851,284.170
68,0.000,284.930,285.460,285.346,285.870,284.170
69,0.000,284.810,285.460,284.826,285.425,284.170
70,0.000,284.820,285.910,285.051,285.622,284.170
71,0.000,285.320,285.740,284.784,285.380,284.170
72,0.000,285.090,286.030,284.808,285.317,284.170
73,800.000,285.450,285.280,285.157,285.704,283.250
74,400.000,285.020,285.890,284.812,285.342,283.120
75,100.000,285.280,285.760,285.370,285.891,282.170
76,200.000,285.140,286.580,285.185,285.669,282.510
77,472.000,285.400,285.580,284.850,285.312,282.880
78,200.000,284.940,285.060,285.046,285.561,285.390
79,100.000,284.400,284.560,285.330,286.045,282.850
80,0.000,284.300,284.200,285.340,285.967,282.850
81,0.000,283.160,284.240,284.343,284.891,282.850
82,0.000,283.110,283.290,284.223,284.803,282.850
83,0.000,282.490,283.980,283.836,284.304,282.850
84,0.000,283.190,283.840,283.314,283.812,282.850
85,0.000,283.120,283.830,283.131,283.762,282.850
86,0.000,283.280,283.490,282.988,283.703,282.850
87,300.000,282.550,282.960,282.865,283.382,280.320
88,100.000,282.340,283.000,282.981,283.491,279.190
89,400.000,281.900,284.100,283.182,283.621,280.790
90,0.000,282.950,289.590,282.155,282.869,280.790
91,200.000,268.160,289.590,281.987,282.712,281.990
92,200.000,268.160,287.980,282.560,283.204,281.360
93,0.000,279.300,287.700,313.572,313.572,281.360
94,100.000,284.550,284.570,289.590,289.590,279.470
95,700.000,281.480,285.390,268.160,289.271,277.750
96,100.000,280.740,282.300,268.160,287.713,276.700
97,400.000,282.500,281.790,268.328,287.678,276.080
98,500.000,279.650,283.280,284.302,285.487,275.920
99,0.000,278.850,280.390,282.665,283.555,275.920
100,400.000,278.750,279.900,281.111,281.809,274.680
101,100.000,278.460,279.560,281.903,282.533,273.920
102,200.000,278.770,278.920,281.481,282.112,274.670
103,500.000,278.810,279.110,278.973,279.644,274.310
104,200.000,279.990,279.730,278.663,279.294,274.410
105,1000.000,280.200,280.560,278.674,279.204,273.320
106,400.000,280.370,280.970,278.558,279.072,273.300
107,300.000,281.180,281.050,279.458,280.064,273.520
108,0.000,280.660,281.570,279.366,279.860,273.520
109,0.000,279.280,281.340,280.384,281.025,273.520
110,400.000,279.070,280.380,280.422,281.059,273.210
111,300.000,277.350,279.630,280.939,281.617,273.540
112,200.000,276.680,277.970,280.810,281.464,273.280
113,200.000,275.760,277.210,279.828,280.463,273.130
114,800.000,276.150,276.150,279.331,280.039,271.760
115,600.000,275.280,276.430,277.859,278.477,271.110
116,1220.000,274.330,275.600,276.902,277.540,270.800
117,1619.000,273.960,274.820,276.265,276.715,272.570
118,400.000,274.670,275.060,275.998,276.540,274.350
119,0.000,274.270,274.850,275.923,276.393,274.350
120,100.000,274.320,274.860,275.044,275.590,277.150
121,100.000,273.130,274.860,273.997,274.653,277.950
122,300.000,273.160,273.420,274.556,275.104,279.670
123,100.000,273.870,273.390,274.459,275.090,280.420
124,200.000,273.620,274.460,274.303,274.895,280.540
125,200.000,273.410,274.370,273.738,274.211,280.870
126,100.000,272.590,273.990,272.813,273.414,280.830
127,200.000,272.730,273.280,273.389,273.912,280.400
128,100.000,273.100,273.470,273.777,274.451,280.850
129,200.000,272.280,273.680,273.133,273.710,280.550
130,600.000,271.180,272.570,272.881,273.661,280.300
131,100.000,270.740,271.860,273.052,273.733,280.500
132,300.000,270.320,271.770,272.965,273.576,281.520
133,200.000,257.700,271.470,272.626,273.145,281.500
134,200.000,268.050,286.650,271.833,272.465,280.880
135,200.000,272.040,273.460,271.289,271.911,281.180
136,100.000,274.220,272.810,270.600,271.173,281.090
137,600.000,275.310,275.060,257.700,286.650,281.400
138,700.000,278.440,276.020,257.874,285.177,280.190
139,100.000,277.660,279.210,272.512,273.574,280.250
140,0.000,279.140,278.690,273.773,274.602,280.250
141,0.000,279.500,279.840,274.347,275.100,280.250
142,0.000,280.010,279.840,277.223,278.020,280.250
143,0.000,280.560,280.620,278.080,278.827,280.250
144,0.000,280.120,281.290,278.949,279.643,280.250
145,100.000,279.840,280.890,279.670,280.436,280.770
146,200.000,280.600,280.490,280.023,280.755,280.780
147,0.000,280.280,281.440,280.155,280.852,280.780
148,0.000,280.230,280.990,280.294,281.102,280.780
149,0.000,280.030,281.310,280.040,280.825,280.780
150,200.000,280.840,280.730,280.545,281.377,281.970
151,100.000,280.240,281.930,280.320,281.028,282.170
152,0.000,280.410,280.990,280.216,280.969,282.170
153,100.000,281.100,281.100,280.313,280.973,283.190
154,100.000,280.500,281.710,280.847,281.520,283.400
155,0.000,280.690,281.190,280.445,281.128,283.400
156,2622.000,280.510,281.720,280.114,280.759,290.390
157,200.000,280.070,281.250,280.127,280.833,293.110
158,200.000,279.230,281.170,280.612,281.302,294.310
159,100.000,280.070,279.720,280.906,281.600,294.010
160,200.000,279.950,281.080,279.992,280.693,291.440
161,100.000,280.080,280.680,280.180,280.865,290.870
162,1175.000,280.040,281.110,279.546,280.136,290.460
163,100.000,280.360,280.830,279.813,280.539,289.990
164,200.000,280.360,280.770,279.988,280.791,288.780
165,0.000,281.080,281.300,279.974,280.715,288.780
166,100.000,281.350,281.370,280.369,280.931,290.430
167,700.000,281.790,281.640,280.462,281.086,291.350
168,300.000,282.200,282.190,280.736,281.408,292.490
169,0.000,281.970,282.450,280.501,281.292,292.490
170,200.000,282.740,282.620,281.036,281.707,292.180
171,0.000,283.170,283.030,281.401,282.031,292.180
172,0.000,282.280,283.840,281.733,282.272,292.180
173,100.000,282.090,283.380,281.933,282.504,292.700
174,0.000,283.520,283.200,282.500,282.924,292.700
175,0.000,283.520,303.890,282.984,283.567,292.700
176,100.000,283.520,292.490,282.782,283.482,291.370
177,100.000,284.140,292.490,282.254,282.969,291.910
178,200.000,284.140,290.570,283.520,283.520,293.410
179,400.000,289.640,291.160,283.520,283.520,294.640
180,0.000,289.640,292.170,283.520,283.520,294.640
181,0.000,274.310,294.550,284.030,284.030,294.640
182,100.000,274.310,293.610,284.140,284.140,293.850
183,200.000,285.660,291.690,289.640,289.640,293.880
184,900.000,290.780,291.400,289.640,303.890,293.700
185,100.000,291.410,290.420,274.310,293.076,293.780
186,100.000,293.440,290.680,274.310,292.278,293.820
187,0.000,292.900,289.400,274.504,292.078,293.820
188,1300.000,290.820,290.690,289.172,290.652,293.770
189,1200.000,291.000,291.880,291.837,292.641,293.180
190,100.000,289.670,291.550,292.885,293.683,293.230
191,0.000,289.830,292.600,293.314,294.091,293.230
192,400.000,288.650,292.480,291.655,292.444,294.560
193,523.000,289.990,293.510,290.732,291.511,294.800
194,1000.000,290.800,294.190,290.394,291.046,294.510
195,300.000,290.820,293.130,290.424,291.200,296.240
196,100.000,292.130,293.550,289.069,289.695,296.410
197,0.000,291.760,293.750,289.813,290.452,296.410
198,200.000,293.010,292.290,290.374,291.047,293.490
199,100.000,293.900,292.240,290.696,291.415,293.060
200,0.000,292.430,293.150,291.810,292.529,293.060
201,100.000,292.470,294.350,292.359,293.030,291.840
202,100.000,292.970,294.080,291.951,292.591,291.320
203,0.000,291.210,294.100,293.196,293.791,291.320
204,0.000,291.620,294.030,293.225,293.737,291.320
205,0.000,292.010,294.360,292.491,293.112,291.320
206,200.000,294.030,294.480,292.940,293.630,294.460
207,0.000,293.430,293.800,292.557,293.190,294.460
208,0.000,293.330,294.480,291.308,292.115,294.460
209,0.000,293.660,293.920,292.018,292.604,294.460
210,0.000,293.630,294.230,292.894,293.697,294.460
211,0.000,293.460,294.260,293.773,294.508,294.460
212,0.000,292.970,293.490,293.477,294.237,294.460
213,0.000,293.660,294.450,293.484,294.239,294.460
214,100.000,293.710,294.620,293.409,294.011,294.180
215,100.000,294.050,294.510,293.920,294.614,293.970
216,0.000,293.520,295.290,293.538,294.252,293.970
217,100.000,292.780,295.080,293.438,294.068,294.400
218,0.000,293.450,302.440,293.629,294.395,294.400
219,300.000,293.880,302.440,293.706,294.244,294.030
220,100.000,293.860,302.440,293.637,294.013,294.560
221,0.000,294.160,302.440,292.964,293.630,294.560
222,275.000,294.060,300.490,293.060,293.864,290.690
223,100.000,280.250,297.410,293.530,294.278,292.510
224,100.000,280.250,296.840,294.211,294.842,294.170
225,100.000,291.480,295.270,293.981,294.755,291.960
226,0.000,296.190,294.880,294.618,295.402,291.960
227,0.000,294.360,293.460,302.440,302.440,291.960
228,300.000,294.100,293.310,302.440,302.440,295.060
229,300.000,292.510,293.120,302.440,302.440,295.160
230,200.000,292.550,290.290,280.250,302.440,294.120
231,300.000,291.970,292.490,280.250,302.209,292.970
232,300.000,289.900,293.040,280.443,300.122,292.720
233,1171.000,292.020,293.290,295.253,296.499,292.870
234,100.000,292.580,294.730,295.113,295.930,290.000
235,0.000,292.970,294.870,294.418,295.244,290.000
236,100.000,293.910,294.340,293.550,294.298,290.400
237,200.000,294.520,293.780,292.809,293.492,289.130
238,0.000,294.040,293.900,292.543,293.166,289.130
239,0.000,293.010,293.700,290.283,291.056,289.130
240,100.000,293.610,294.220,291.293,291.940,289.310
241,0.000,292.930,294.300,292.436,293.002,289.310
242,0.000,293.680,294.610,292.587,293.242,289.310
243,100.000,294.020,294.850,293.591,294.175,289.850
244,0.000,293.400,293.690,294.417,295.066,289.850
245,200.000,294.180,294.540,294.140,294.746,286.560
246,100.000,293.230,294.030,293.752,294.398,286.020
247,100.000,293.460,294.330,292.955,293.898,285.980
248,100.000,293.300,294.370,293.722,294.379,287.260
249,0.000,293.850,295.290,293.361,293.976,287.260
250,0.000,293.580,295.220,293.855,294.281,287.260
251,0.000,294.610,291.480,293.620,294.223,287.260
252,100.000,294.000,293.930,293.859,294.509,288.990
253,100.000,290.260,294.420,293.578,294.233,288.340
254,0.000,293.130,292.370,293.644,294.274,288.340
255,0.000,293.950,294.020,294.012,294.621,288.340
256,0.000,291.820,293.590,293.897,294.416,288.340
257,0.000,292.990,296.180,293.652,294.379,288.340
258,0.000,292.830,295.330,294.073,294.799,288.340
259,0.000,295.710,293.930,294.350,295.184,288.340
260,0.000,294.970,292.640,291.188,292.229,288.340
261,100.000,292.850,293.850,291.803,292.474,288.770
262,100.000,291.830,293.130,293.262,293.852,288.160
263,0.000,292.750,293.090,292.886,293.565,288.160
264,100.000,292.050,292.800,292.295,293.058,288.940
265,200.000,270.200,292.800,292.495,293.283,290.330
266,0.000,288.450,292.800,294.318,295.045,290.330
267,100.000,291.230,295.280,295.792,296.504,290.720
268,100.000,290.580,289.820,294.388,294.983,291.000
269,0.000,289.020,292.180,292.346,293.130,291.000
270,200.000,288.060,291.300,292.265,292.938,291.200
271,200.000,288.170,290.000,292.796,293.489,291.320
272,500.000,287.750,288.480,293.949,293.949,290.540
273,700.000,288.780,288.960,292.906,292.906,281.900
274,0.000,288.430,288.970,292.800,292.800,281.900
275,0.000,288.410,290.060,292.800,292.800,281.900
276,100.000,287.950,288.830,270.200,297.080,283.030
277,100.000,286.890,289.670,270.446,294.800,283.720
278,0.000,286.080,288.610,289.982,291.350,283.720
279,300.000,285.830,287.570,290.716,291.683,282.500
280,100.000,286.200,286.460,290.383,291.242,283.010
281,300.000,287.040,286.170,288.846,289.672,281.500
282,400.000,287.820,286.860,287.554,288.316,283.680
283,200.000,287.770,287.820,287.666,288.437,283.010
284,400.000,288.720,288.510,288.062,288.839,283.240
285,200.000,288.610,288.410,289.183,289.790,283.050
286,0.000,288.210,289.530,288.245,288.958,283.050
287,200.000,289.330,289.390,289.116,289.834,281.590
288,0.000,288.740,288.520,287.260,287.986,281.590
289,400.000,288.110,290.030,286.453,287.123,283.140
290,0.000,288.330,289.040,285.813,286.359,283.140
291,0.000,288.670,288.960,285.695,286.303,283.140
292,0.000,288.280,288.620,286.779,287.456,283.140
293,100.000,288.220,289.320,287.173,287.883,282.570
294,0.000,287.430,288.590,287.801,288.418,282.570
295,0.000,288.270,289.000,288.194,288.809,282.570
296,0.000,288.670,288.100,288.635,289.268,282.570
297,687.000,289.710,288.940,288.375,289.067,282.960
298,100.000,288.900,288.940,288.867,289.346,282.990
299,200.000,290.320,290.480,288.817,289.307,283.300
300,100.000,290.960,289.750,288.795,289.392,283.570
301,100.000,289.760,290.590,288.108,288.586,283.770
302,100.000,289.930,291.250,288.424,288.920,283.440
303,100.000,290.850,290.460,288.419,288.926,284.060
304,0.000,290.170,290.720,288.397,288.855,284.060
305,600.000,289.950,291.520,288.293,288.795,284.890
306,478.000,266.140,291.180,287.994,288.457,284.610
307,0.000,266.140,291.090,288.439,288.887,284.610
308,100.000,279.390,299.360,289.000,289.525,285.480
309,300.000,280.520,285.610,289.682,290.240,286.380
310,201.000,281.750,284.820,289.640,290.154,286.340
311,500.000,283.120,281.120,290.398,291.040,285.800
312,4545.000,283.940,282.130,290.360,290.929,288.290
313,0.000,283.690,283.830,290.188,290.570,288.290
314,400.000,282.900,284.300,290.798,291.302,283.890
315,200.000,282.590,284.840,290.892,291.407,284.300
316,100.000,283.050,283.570,290.291,290.843,284.610
317,100.000,281.830,283.270,266.140,299.360,285.000
318,0.000,283.420,283.840,266.140,293.723,285.000
319,0.000,282.540,282.140,266.363,285.776,285.000
320,0.000,282.830,283.760,282.150,283.429,285.000
321,0.000,282.990,283.610,281.200,282.076,285.000
322,0.000,281.540,283.510,282.154,282.891,285.000
323,0.000,281.200,283.680,283.463,284.087,285.000
324,0.000,283.340,282.710,283.642,284.326,285.000
325,0.000,283.530,281.910,283.363,284.031,285.000
326,0.000,283.020,283.650,282.767,283.334,285.000
327,0.000,282.950,283.830,283.442,284.048,285.000
328,0.000,283.500,283.640,281.792,282.425,285.000
329,0.000,281.990,284.110,282.755,283.311,285.000
330,0.000,282.570,283.670,282.992,283.553,285.000
331,0.000,282.150,282.670,283.063,283.680,285.000
332,0.000,282.750,282.980,283.144,283.721,285.000
333,100.000,282.280,282.850,282.478,282.983,283.120
334,0.000,282.760,283.020,281.418,282.015,283.120
335,0.000,283.270,283.180,283.342,283.860,283.120
336,0.000,282.880,283.450,283.105,283.624,283.120
337,0.000,283.510,283.530,282.986,283.558,283.120
338,0.000,283.390,283.510,283.418,284.066,283.120
339,100.000,283.440,284.550,283.095,283.632,282.840
340,0.000,283.590,284.440,282.728,283.294,282.840
341,0.000,284.640,284.470,282.195,282.709,282.840
342,0.000,283.720,284.740,282.350,282.980,282.840
343,0.000,284.620,285.760,282.440,282.973,282.840
344,0.000,285.280,284.860,282.895,283.370,282.840
345,0.000,285.750,285.670,282.505,283.043,282.840
346,0.000,285.420,285.850,282.838,283.319,282.840
347,0.000,285.320,286.870,283.028,283.559,282.840
348,0.000,265.760,286.630,283.300,284.190,282.840
349,0.000,265.760,286.520,283.223,284.176,282.840
350,1700.000,265.760,288.480,283.543,284.496,283.080
351,300.000,281.340,288.480,283.619,284.689,288.640
352,1128.000,287.000,288.190,284.417,285.260,290.240
353,132.000,283.730,288.190,284.197,285.141,290.870
354,0.000,283.480,288.480,284.483,285.441,290.870
355,100.000,284.220,287.610,284.874,285.939,291.540
356,0.000,284.470,287.680,285.732,286.736,291.540
357,0.000,284.010,284.200,285.653,286.685,291.540
358,0.000,282.510,284.620,285.303,286.393,291.540
359,100.000,282.550,285.010,289.176,289.176,292.150
360,100.000,282.020,285.260,288.480,288.480,292.120
361,100.000,283.170,284.380,265.760,288.293,291.100
362,100.000,283.170,283.230,265.760,288.190,290.640
363,0.000,284.110,283.690,265.760,288.357,290.640
364,0.000,283.350,283.150,266.017,288.475,290.640
365,600.000,283.790,283.520,287.455,288.722,290.200
366,100.000,283.310,284.320,284.484,285.286,289.990
367,0.000,283.600,284.950,283.336,283.983,289.990
368,300.000,283.310,284.350,284.203,284.898,290.020
369,100.000,283.710,284.410,284.505,285.083,290.380
370,0.000,283.910,283.980,284.234,284.826,290.380
371,100.000,282.840,284.210,283.197,283.717,292.210
372,300.000,282.950,284.030,282.821,283.439,293.120
373,1846.000,283.120,284.470,282.374,283.044,293.320
374,100.000,283.450,284.490,283.016,283.475,293.660
375,0.000,283.200,283.110,283.365,283.869,293.660
376,100.000,282.890,283.820,283.863,284.513,293.560
377,0.000,282.850,283.850,284.148,284.756,293.560
378,0.000,282.600,284.150,283.784,284.392,293.560
379,200.000,282.710,283.500,283.634,284.225,292.760
380,100.000,282.460,283.160,283.768,284.284,292.860
381,0.000,281.170,283.440,283.810,284.398,292.860
382,0.000,281.340,283.280,283.468,284.215,292.860
383,0.000,281.480,282.990,284.130,284.645,292.860
384,388.000,281.380,282.740,283.136,283.715,292.870
385,200.000,281.080,281.780,282.698,283.416,293.870
386,690.000,282.160,282.160,282.822,283.487,294.190
387,300.000,282.310,282.230,283.160,283.782,293.760
388,500.000,283.030,282.000,283.230,283.850,297.450
389,100.000,282.710,281.340,282.873,283.468,295.960
390,500.000,282.600,282.830,282.342,283.044,295.930
391,200.000,280.640,283.290,282.622,283.415,296.600
392,300.000,280.640,283.630,282.665,283.135,297.150
393,0.000,264.610,283.670,282.446,282.929,297.150
394,0.000,264.610,283.750,281.797,282.360,297.150
395,0.000,278.870,285.080,281.160,281.740,297.150
396,0.000,285.130,285.080,281.397,282.083,297.150
397,0.000,286.010,285.080,281.300,281.815,297.150
398,100.000,288.150,285.080,280.941,281.532,298.870
399,100.000,289.540,285.080,281.462,282.029,298.830
400,0.000,291.080,284.860,282.278,282.870,298.830
401,200.000,290.620,286.550,283.127,283.725,298.050
402,100.000,291.800,286.470,283.188,283.803,299.060
403,0.000,290.990,289.220,283.055,283.643,299.060
404,0.000,291.610,290.400,285.080,285.080,299.060
405,0.000,290.950,291.830,280.640,285.080,299.060
406,100.000,291.570,291.740,280.640,285.080,299.960
407,100.000,290.370,292.220,264.610,285.080,300.170
408,200.000,290.430,291.750,264.610,285.080,299.670
409,200.000,290.170,292.820,264.847,285.079,299.550
410,200.000,290.180,291.710,283.926,285.387,299.440
411,0.000,290.620,292.320,285.911,286.720,299.440
412,0.000,289.370,291.250,286.959,287.854,299.440
413,0.000,289.250,291.170,289.035,289.919,299.440
414,300.000,289.560,290.890,290.613,291.417,300.800
415,200.000,290.060,290.960,290.715,291.441,301.030
416,100.000,290.470,290.910,290.891,291.761,300.690
417,200.000,291.490,290.110,291.315,291.956,300.850
418,0.000,292.450,290.020,291.577,292.374,300.850
419,0.000,292.580,289.970,291.513,292.235,300.850
420,0.000,293.300,290.740,291.535,292.078,300.850
421,200.000,293.360,291.160,291.319,292.063,300.250
422,200.000,293.750,292.210,290.705,291.516,300.170
423,100.000,292.620,293.080,290.701,291.345,299.850
424,100.000,292.660,293.350,289.881,290.666,299.030
425,100.000,291.880,294.040,290.264,290.995,299.390
426,300.000,292.520,294.040,290.072,290.709,299.350
427,100.000,292.330,294.300,289.396,290.123,295.470
428,0.000,291.860,293.290,289.629,290.206,295.470
429,200.000,291.870,293.060,289.855,290.444,294.740
430,0.000,292.160,292.590,290.059,290.924,294.740
431,0.000,292.950,292.820,290.915,291.576,294.740
432,1381.000,293.830,292.950,291.760,292.591,292.600
433,0.000,294.000,292.590,292.725,293.352,292.600
434,0.000,292.690,292.680,293.132,293.687,292.600
435,100.000,297.160,293.220,293.429,293.951,292.830
436,100.000,297.160,293.270,293.689,294.291,293.240
437,100.000,297.160,294.360,293.136,293.729,293.650
438,0.000,297.160,295.140,292.850,293.496,293.650
439,0.000,297.160,293.850,292.221,292.775,293.650
440,0.000,297.160,300.020,292.369,292.843,293.650
441,325.000,297.160,300.020,292.436,293.159,290.800
442,0.000,297.160,300.810,292.167,292.816,290.800
443,100.000,281.910,300.810,291.861,292.473,290.140
444,100.000,281.910,299.500,292.373,293.078,288.160
445,0.000,281.910,300.200,292.583,293.316,288.160
446,200.000,294.620,296.990,293.097,293.826,286.820
447,500.000,296.490,295.010,293.747,294.344,287.050
448,100.000,294.230,295.740,293.512,294.083,287.140
449,100.000,294.490,297.160,297.160,297.160,286.000
450,0.000,296.830,296.920,297.160,297.160,286.000
451,0.000,296.290,297.850,297.160,297.160,286.000
452,0.000,296.700,299.760,297.160,297.160,286.000
453,0.000,298.910,299.220,297.160,297.160,286.000
454,0.000,298.620,299.270,297.160,297.160,286.000
455,200.000,298.640,299.280,297.160,300.529,287.790
456,100.000,298.540,298.910,297.160,300.020,287.990
457,0.000,298.180,299.470,281.910,300.682,287.990
458,0.000,298.350,298.830,281.910,300.810,287.990
459,0.000,297.710,299.380,281.910,299.563,287.990
460,100.000,299.060,299.300,282.118,299.721,291.320
461,100.000,298.440,299.510,296.386,297.663,291.230
462,0.000,298.860,299.680,295.573,296.406,291.230
463,0.000,299.010,299.550,294.784,295.625,291.230
464,200.000,299.260,300.600,295.601,296.343,296.540
465,200.000,299.890,299.610,296.416,297.117,294.140
466,0.000,298.860,299.870,296.562,297.429,294.140
467,100.000,299.100,299.720,298.095,298.872,294.820
468,0.000,298.810,299.630,299.093,299.826,294.820
469,0.000,298.960,298.810,298.895,299.736,294.820
470,0.000,298.000,299.300,298.666,299.263,294.820
471,100.000,298.580,299.710,298.628,299.236,296.790
472,200.000,299.020,300.930,298.265,298.927,296.410
473,0.000,300.110,300.910,298.118,298.832,296.410
474,0.000,300.820,301.000,298.297,298.934,296.410
475,200.000,300.770,300.560,298.686,299.388,297.240
476,0.000,299.900,300.390,298.741,299.455,297.240
477,100.000,299.580,300.960,299.499,300.031,296.510
478,100.000,300.520,300.380,298.872,299.465,297.040
479,0.000,299.820,299.970,299.601,300.136,297.040
480,200.000,299.220,299.890,299.410,300.059,296.790
481,0.000,299.110,299.270,299.079,299.790,296.790
482,0.000,298.630,299.680,299.132,299.790,296.790
483,100.000,298.920,299.960,298.923,299.698,297.280
484,0.000,298.770,300.190,298.474,299.177,297.280
485,0.000,298.930,303.510,298.173,298.773,297.280
486,100.000,279.760,303.510,298.794,299.345,297.790
487,0.000,279.760,303.160,299.748,300.523,297.790
488,100.000,294.560,302.860,300.408,300.937,298.970
489,100.000,295.310,299.990,300.554,300.904,298.590
490,0.000,295.360,296.830,300.211,300.850,298.590
491,0.000,294.660,296.460,299.957,300.557,298.590
492,0.000,294.470,295.840,300.071,300.641,298.590
493,0.000,294.480,295.280,300.089,300.684,298.590
494,0.000,293.060,295.180,299.803,300.395,298.590
495,0.000,292.870,294.200,299.487,300.173,298.590
496,0.000,292.300,293.200,299.200,299.884,298.590
497,0.000,291.180,292.650,298.875,299.511,298.590
498,0.000,292.390,292.110,298.984,299.874,298.590
499,200.000,293.100,292.800,299.049,299.835,300.800
500,0.000,293.650,293.440,303.510,303.510,300.800
501,100.000,292.450,293.980,303.510,303.510,301.580
502,400.000,292.990,293.130,279.760,303.322,301.990
503,200.000,291.920,293.290,279.760,302.926,304.300
504,100.000,291.790,292.720,280.007,302.845,302.700
505,100.000,290.330,292.480,296.987,298.356,301.090
506,0.000,290.240,290.920,295.202,296.217,301.090
507,0.000,289.400,290.890,295.228,296.063,301.090
508,1417.000,288.380,290.120,294.720,295.409,304.840
509,3243.000,287.590,289.070,294.471,295.227,305.500
510,0.000,286.100,288.330,293.512,294.296,305.500
511,3775.000,286.540,286.400,292.631,293.205,302.620
512,0.000,286.010,287.220,292.551,293.261,302.620
513,0.000,286.250,286.730,292.100,292.781,302.620
514,0.000,285.760,286.960,292.005,292.610,302.620
515,0.000,285.760,286.100,292.508,293.133,302.620
516,1100.000,284.640,286.120,293.295,293.866,304.000
517,0.000,284.740,285.440,293.244,293.755,304.000
518,0.000,286.710,285.750,292.793,293.458,304.000
519,0.000,287.750,287.370,292.160,292.824,304.000
520,100.000,288.740,288.460,291.937,292.584,303.210
521,200.000,289.320,289.270,290.916,291.614,303.540
522,400.000,290.210,290.020,290.171,290.811,303.530
523,0.000,290.640,290.580,289.929,290.540,303.530
524,0.000,291.550,291.240,288.728,289.318,303.530
525,0.000,290.630,292.470,287.868,288.596,303.530
526,0.000,290.420,290.920,286.420,287.067,303.530
527,0.000,290.380,291.640,286.387,286.991,303.530
528,0.000,277.400,291.630,286.697,287.400,303.530
529,0.000,277.400,303.990,285.878,286.502,303.530
530,100.000,277.400,303.990,285.607,286.363,302.960
531,0.000,294.440,303.990,285.514,286.142,302.960
532,0.000,292.850,300.480,285.607,286.247,302.960
533,0.000,293.620,300.190,284.982,285.663,302.960
534,100.000,292.810,296.030,285.562,286.250,302.120
535,0.000,294.830,293.490,287.279,287.983,302.120
536,0.000,296.510,294.420,288.138,288.786,302.120
537,0.000,297.250,294.020,288.903,289.745,302.120
538,0.000,297.180,295.740,289.768,290.373,302.120
539,0.000,296.450,297.260,290.175,290.783,302.120
540,0.000,295.300,297.810,291.165,291.964,302.120
541,0.000,296.110,297.940,290.937,291.544,302.120
542,300.000,296.170,296.810,290.155,290.846,301.870
543,0.000,296.190,296.450,290.506,291.213,301.870
544,0.000,296.460,296.430,303.990,303.990,301.870
545,600.000,296.050,296.950,303.990,303.990,295.410
546,0.000,296.190,296.840,277.400,303.990,295.410
547,0.000,296.030,297.260,277.400,300.585,295.410
548,0.000,297.130,296.870,277.400,300.203,295.410
549,0.000,297.080,297.320,277.619,300.138,295.410
550,0.000,297.380,297.240,294.404,295.752,295.410
551,1100.000,297.540,297.860,293.084,293.970,293.380
552,0.000,297.450,297.740,293.522,294.342,293.380
553,100.000,297.810,298.090,294.168,295.058,294.490
554,100.000,298.100,297.810,295.388,296.122,294.570
555,0.000,298.600,298.600,296.823,297.585,294.570
556,0.000,298.960,298.430,297.417,298.109,294.570
557,100.000,299.020,298.740,296.658,297.272,292.370
558,0.000,299.130,299.370,296.082,296.709,292.370
559,0.000,299.530,299.700,295.855,296.397,292.370
560,0.000,298.630,299.840,296.226,296.896,292.370
561,0.000,299.260,299.930,296.644,297.292,292.370
562,0.000,299.110,299.810,296.381,296.931,292.370
563,0.000,299.470,299.690,296.349,296.917,292.370
564,0.000,299.720,299.710,296.580,297.271,292.370
565,0.000,300.430,300.240,296.508,297.235,292.370
566,0.000,300.310,299.870,296.488,297.201,292.370
567,100.000,300.140,300.830,297.168,297.820,296.040
568,100.000,300.440,301.270,297.433,298.063,296.690
569,0.000,301.190,300.980,297.164,297.923,296.690
570,0.000,301.300,300.820,297.509,298.043,296.690
571,0.000,286.230,301.220,297.572,298.233,296.690
572,0.000,286.230,302.340,297.719,298.226,296.690
573,0.000,286.230,302.480,298.158,298.689,296.690
574,300.000,301.130,320.110,298.782,299.320,296.270
575,0.000,301.510,319.090,298.740,299.373,296.270
576,0.000,302.070,319.090,299.374,300.064,296.270
577,0.000,302.330,302.010,299.671,300.355,296.270
578,0.000,303.260,302.160,299.172,299.797,296.270
579,0.000,304.800,302.600,298.557,299.250,296.270
580,1293.000,304.000,303.060,299.203,299.971,294.220
581,200.000,304.110,303.860,299.347,299.850,294.260
582,400.000,301.960,305.360,299.714,300.498,297.050
583,0.000,303.100,304.720,300.219,300.800,297.050
584,0.000,303.300,304.900,300.626,301.149,297.050
585,0.000,303.330,303.170,300.117,300.912,297.050
586,173.000,303.440,304.330,300.332,301.325,299.300
587,0.000,303.070,303.600,301.175,302.067,299.300
588,100.000,303.440,304.110,301.223,301.982,299.610
589,0.000,302.440,304.630,286.230,320.343,299.610
590,200.000,303.350,303.380,286.230,319.410,299.480
591,100.000,302.790,304.110,286.230,319.090,300.810
592,200.000,302.990,303.540,301.616,303.037,300.920
593,100.000,302.210,304.100,302.398,303.255,301.460
594,0.000,303.230,304.110,301.706,302.464,301.460
595,100.000,302.870,303.720,302.125,302.764,301.400
596,0.000,303.920,303.080,302.775,303.364,301.400
597,200.000,303.540,303.620,303.884,304.488,300.560
598,100.000,303.400,304.040,304.975,305.583,300.760
599,0.000,304.040,304.600,303.781,304.500,300.760
600,0.000,302.580,304.450,302.962,303.723,300.760
601,100.000,302.650,304.270,302.856,303.616,301.660
602,0.000,301.440,304.900,303.339,304.145,301.660
603,100.000,300.650,303.350,303.282,303.931,301.470
604,0.000,301.360,302.990,303.589,304.138,301.470
605,0.000,301.800,302.610,303.469,304.047,301.470
606,201.000,302.120,301.350,303.247,304.028,301.460
607,0.000,302.290,301.710,303.247,304.145,301.460
608,0.000,302.600,302.540,302.901,303.878,301.460
609,0.000,303.380,302.730,302.662,303.531,301.460
610,0.000,302.580,303.410,302.901,303.783,301.460
611,0.000,303.110,303.820,302.382,303.184,301.460
612,201.000,303.170,303.900,302.678,303.485,302.080
613,0.000,284.140,303.800,303.005,303.966,302.080
614,0.000,284.140,304.230,303.612,304.395,302.080
615,0.000,298.550,304.400,303.748,304.513,302.080
616,0.000,300.790,319.940,303.530,304.421,302.080
617,0.000,302.090,319.940,303.753,304.713,302.080
618,500.000,297.460,307.510,303.447,304.181,301.500
619,200.000,295.320,301.950,302.613,303.331,302.200
620,100.000,292.900,302.980,301.839,302.699,301.520
621,0.000,292.620,298.700,300.963,301.772,301.520
622,200.000,293.080,296.150,301.133,301.636,300.770
623,0.000,293.010,293.760,301.341,302.220,300.770
624,0.000,293.600,293.020,302.022,302.787,300.770
625,100.000,292.860,293.510,302.105,303.103,302.070
626,0.000,293.310,293.660,302.574,303.565,302.070
627,0.000,294.220,294.330,302.873,303.715,302.070
628,0.000,294.250,293.550,302.557,303.329,302.070
629,0.000,293.130,294.020,303.006,303.951,302.070
630,600.000,292.470,294.750,303.297,304.136,301.610
631,0.000,292.940,294.620,284.140,319.940,301.610
632,0.000,292.930,294.110,284.140,319.940,301.610
633,688.000,293.580,293.190,284.382,320.428,301.630
634,0.000,294.560,293.730,300.937,302.691,301.630
635,100.000,295.530,293.560,301.703,302.535,302.590
636,0.000,296.320,294.280,299.577,300.436,302.590
637,0.000,296.160,295.630,296.837,297.765,302.590
638,100.000,296.060,296.310,294.115,294.901,303.040
639,100.000,296.170,297.090,292.810,293.537,302.650
640,100.000,295.450,296.810,292.400,293.147,303.130
641,0.000,296.320,297.190,292.616,293.362,303.130
642,0.000,296.550,296.460,293.135,293.820,303.130
643,0.000,295.670,296.210,293.511,294.166,303.130
644,0.000,295.430,296.600,292.909,293.694,303.130
645,0.000,295.670,297.210,293.795,294.690,303.130
646,300.000,296.650,296.550,294.225,294.948,302.460
647,200.000,296.290,295.950,293.589,294.267,302.650
648,100.000,295.850,295.930,293.011,293.767,302.090
649,0.000,294.860,297.550,292.425,293.127,302.090
650,0.000,294.290,297.150,293.046,293.648,302.090
651,0.000,293.450,296.530,293.195,293.956,302.090
652,300.000,294.130,295.420,294.301,295.054,302.830
653,0.000,293.850,294.590,294.890,295.419,302.830
654,0.000,293.710,293.660,295.715,296.377,302.830
655,200.000,293.200,294.400,296.418,297.156,302.950
656,0.000,274.550,294.790,296.457,297.130,302.950
657,100.000,274.550,294.910,295.756,296.404,304.230
658,600.000,274.550,313.950,295.676,296.421,304.030
659,200.000,288.740,313.950,295.686,296.303,302.920
660,200.000,296.140,313.950,296.267,296.850,302.450
661,0.000,296.170,298.730,295.929,296.503,302.450
662,300.000,297.540,297.150,295.382,295.873,302.080
663,200.000,297.550,297.030,295.244,295.958,301.000
664,0.000,299.120,298.420,296.179,296.692,301.000
665,600.000,298.940,298.270,296.933,297.436,296.270
666,100.000,300.160,299.880,296.084,296.724,295.490
667,1808.000,299.910,300.110,295.450,295.950,297.000
668,0.000,299.410,300.470,294.320,294.959,297.000
669,0.000,299.340,300.290,293.682,294.261,297.000
670,100.000,300.240,300.470,293.687,294.306,295.550
671,400.000,300.600,299.860,293.717,294.305,294.730
672,0.000,300.280,300.890,294.251,295.078,294.730
673,0.000,300.880,301.310,293.190,293.190,294.730
674,0.000,300.930,301.490,274.550,313.950,294.730
675,100.000,300.660,301.970,274.550,313.950,293.190
676,1100.000,300.180,301.410,274.550,313.950,292.840
677,1016.000,300.390,301.400,274.789,313.694,292.850
678,100.000,299.490,301.090,294.570,296.064,291.860
679,0.000,301.070,300.630,296.062,296.996,291.860
680,0.000,301.170,300.290,296.871,297.617,291.860
681,0.000,301.700,301.390,297.729,298.464,291.860
682,100.000,300.830,302.380,298.382,299.100,288.990
683,100.000,301.050,302.230,299.156,299.947,289.060
684,0.000,301.220,301.810,299.816,300.376,289.060
685,0.000,300.090,301.750,299.670,300.234,289.060
686,0.000,301.060,301.750,299.913,300.524,289.060
687,300.000,301.290,300.850,298.671,299.408,286.350
688,1158.000,302.590,301.780,300.047,300.656,285.340
689,100.000,302.250,302.260,300.336,300.903,285.730
690,0.000,302.000,303.220,300.790,301.454,285.730
691,100.000,301.400,302.560,300.742,301.444,287.120
692,200.000,301.920,302.590,300.918,301.595,287.000
693,100.000,302.650,302.070,301.046,301.727,288.340
694,400.000,301.960,302.230,300.362,301.118,287.400
695,900.000,301.870,302.920,300.339,300.890,287.870
696,141.000,301.160,302.600,300.129,300.709,289.010
697,1200.000,300.970,302.790,300.207,300.978,289.690
698,300.000,301.290,302.190,301.104,301.965,287.540
699,0.000,282.530,302.170,301.672,302.337,287.540
700,0.000,282.530,302.490,301.400,302.045,287.540
701,600.000,295.050,317.100,301.005,301.711,286.710
702,100.000,301.220,317.100,301.183,301.676,285.620
703,1457.000,298.710,304.030,301.086,301.564,288.610
704,1000.000,299.940,302.310,300.466,301.090,290.350
705,100.000,300.290,299.800,301.344,302.119,289.600
706,2369.000,301.190,300.580,302.165,302.819,289.500
707,1741.000,301.390,301.040,302.518,303.225,289.390
708,0.000,301.360,301.680,301.627,302.405,289.390
709,400.000,301.220,302.210,301.483,302.082,291.170
710,272.000,300.570,302.070,301.556,302.252,291.260
711,0.000,300.830,301.630,302.266,302.886,291.260
712,0.000,301.010,301.590,302.470,303.040,291.260
713,0.000,300.630,301.130,301.671,302.321,291.260
714,500.000,300.110,301.360,301.782,302.465,292.120
715,0.000,300.920,301.330,301.126,301.767,292.120
716,200.000,301.820,300.410,301.672,302.452,291.630
717,1175.000,302.210,301.810,282.530,317.100,292.550
718,0.000,302.120,302.580,282.530,317.100,292.550
719,0.000,302.580,303.400,282.735,316.882,292.550
720,100.000,302.580,302.840,300.243,301.765,291.320
721,300.000,302.200,303.400,299.662,300.660,291.710
722,0.000,302.390,303.180,299.726,300.521,291.710
723,0.000,302.370,302.970,299.806,300.595,291.710
724,600.000,302.350,303.260,300.556,301.292,291.410
725,507.000,301.750,302.870,301.436,302.182,291.790
726,100.000,302.040,302.640,301.710,302.489,292.130
727,300.000,301.730,302.040,301.076,301.827,291.900
728,0.000,301.610,302.340,300.710,301.483,291.900
729,0.000,301.490,302.180,300.753,301.432,291.900
730,200.000,301.330,302.260,300.832,301.476,290.280
731,0.000,302.140,302.170,300.820,301.433,290.280
732,0.000,301.810,302.150,300.821,301.428,290.280
733,100.000,301.660,302.940,300.525,301.344,290.460
734,471.000,302.650,302.640,301.596,302.370,289.710
735,100.000,302.500,302.280,302.195,303.004,288.700
736,2152.000,302.990,302.910,302.286,303.058,290.420
737,100.000,302.630,303.280,302.216,302.811,291.950
738,1800.000,302.970,303.670,302.580,303.143,291.320
739,100.000,303.620,303.700,302.229,302.977,292.650
740,0.000,303.460,303.670,302.384,303.226,292.650
741,200.000,285.000,304.840,302.463,303.128,296.350
742,0.000,285.000,304.690,302.333,302.849,296.350
743,0.000,297.180,304.510,301.189,301.810,296.350
744,0.000,301.550,304.510,301.849,302.477,296.350
745,0.000,301.530,307.110,301.466,302.050,296.350
746,300.000,301.160,302.150,301.833,302.495,294.010
747,0.000,300.830,302.550,301.859,302.560,294.010
748,100.000,297.090,301.720,301.558,302.164,294.490
749,200.000,296.270,302.010,301.792,302.460,294.540
750,0.000,295.830,297.530,302.421,302.967,294.540
751,0.000,296.140,297.040,301.676,302.489,294.540
752,100.000,298.180,296.520,302.214,302.784,295.020
753,0.000,297.340,297.000,302.711,303.378,295.020
754,0.000,296.830,299.350,303.157,303.825,295.020
755,0.000,295.330,298.460,302.552,303.339,295.020
756,0.000,293.920,297.120,303.120,303.883,295.020
757,0.000,292.910,295.650,303.274,304.201,295.020
758,100.000,292.790,294.590,303.815,304.605,295.230
759,100.000,293.540,293.260,285.000,312.652,295.500
760,0.000,293.030,293.370,285.000,304.459,295.500
761,0.000,292.840,294.230,285.207,307.002,295.500
762,0.000,292.290,293.590,301.016,302.504,295.500
763,100.000,289.550,293.530,302.354,303.298,297.320
764,0.000,289.850,292.730,302.471,303.271,297.320
765,0.000,290.250,289.910,301.992,302.889,297.320
766,100.000,288.900,290.610,298.695,299.418,296.630
767,0.000,288.960,290.970,296.138,296.979,296.630
768,0.000,288.310,289.700,295.987,296.823,296.630
769,0.000,288.340,289.820,295.961,296.723,296.630
770,100.000,288.520,288.740,297.448,298.174,296.890
771,0.000,286.450,289.160,298.351,299.127,296.890
772,100.000,286.160,288.800,296.875,297.587,295.800
773,0.000,284.850,286.900,295.920,296.596,295.800
774,800.000,284.630,286.750,294.253,294.973,296.750
775,500.000,286.500,285.550,292.683,293.319,296.460
776,500.000,286.680,284.920,292.794,293.434,302.040
777,400.000,287.410,287.750,293.211,293.836,302.580
778,0.000,287.810,287.400,293.375,294.091,302.580
779,0.000,287.880,288.100,292.960,293.557,302.580
780,300.000,287.980,288.880,292.497,293.054,304.980
781,300.000,288.250,288.540,290.251,290.919,306.950
782,1594.000,288.940,288.590,289.653,290.311,308.010
783,865.000,266.610,289.490,289.909,290.637,308.900
784,100.000,266.610,290.160,289.457,290.085,309.300
785,100.000,266.610,301.580,289.135,289.711,308.500
786,0.000,280.300,287.190,288.677,289.247,308.500
787,100.000,287.680,286.480,288.174,288.821,308.100
788,0.000,285.990,285.980,288.193,288.854,308.100
789,100.000,288.020,288.640,287.503,288.063,308.600
790,200.000,285.430,286.940,285.848,286.508,308.950
791,0.000,286.880,288.720,285.510,286.097,308.950
792,1300.000,288.610,286.160,285.140,285.702,305.000
793,1111.000,289.140,287.630,285.836,286.437,304.590
794,100.000,288.960,289.530,286.837,287.363,304.410
795,200.000,289.590,289.900,286.956,287.522,303.770
796,0.000,289.850,289.700,288.023,288.620,303.770
797,300.000,290.790,289.910,287.327,287.789,304.810
798,0.000,290.190,290.180,288.205,288.805,304.810
799,100.000,290.960,291.150,288.332,289.035,304.350
800,600.000,291.230,290.870,289.025,289.818,303.780
801,410.000,292.140,291.690,266.610,301.580,303.810
802,100.000,291.750,291.990,266.610,294.920,303.780
803,400.000,291.800,292.770,266.610,286.520,303.250
804,300.000,290.960,292.450,266.842,286.294,303.910
805,100.000,291.610,292.190,285.047,286.314,303.910
806,200.000,292.190,291.290,287.210,288.141,303.940
807,100.000,291.600,292.280,286.032,286.906,304.970
808,0.000,291.640,292.550,287.721,288.558,304.970
809,380.000,291.060,291.940,285.515,286.365,304.870
810,400.000,291.250,292.380,287.585,288.330,304.580
811,100.000,291.640,292.110,289.475,290.170,304.220
812,200.000,291.820,292.000,289.142,289.824,304.140
813,100.000,290.770,292.090,289.472,290.098,305.390
814,965.000,291.090,292.470,289.199,289.839,305.440
815,200.000,292.290,292.130,290.814,291.478,313.690
816,600.000,288.340,291.770,290.383,290.927,315.840
817,1300.000,289.360,292.860,290.794,291.443,317.070
818,1485.000,289.350,289.540,291.207,291.865,318.480
819,1200.000,290.300,289.710,292.020,292.616,314.970
820,0.000,290.000,289.790,292.337,292.891,314.970
821,300.000,291.300,290.880,291.940,292.491,313.250
822,100.000,290.440,290.710,291.430,292.036,314.050
823,100.000,289.060,291.960,291.509,292.078,314.500
824,300.000,288.670,291.060,292.013,292.566,314.320
825,0.000,290.230,289.760,291.747,292.235,314.320
826,1275.000,290.660,289.960,291.649,292.248,315.470
827,836.000,290.660,291.410,291.375,291.989,315.310
828,400.000,290.660,309.750,291.441,292.041,315.810
829,0.000,290.660,309.750,291.375,291.917,315.810
830,100.000,276.450,309.750,291.627,292.171,313.530
831,200.000,273.600,295.020,291.706,292.290,312.940
832,100.000,273.600,292.610,291.553,292.259,312.140
833,0.000,285.420,291.280,291.586,292.188,312.140
834,0.000,291.690,293.860,290.278,290.934,312.140
835,2312.000,290.050,295.120,289.126,289.788,313.090
836,200.000,293.320,297.210,289.459,289.989,312.080
837,100.000,294.420,296.820,289.484,289.989,311.820
838,300.000,296.020,295.490,290.250,290.803,312.400
839,0.000,295.710,295.370,290.678,291.317,312.400
840,0.000,294.750,294.440,290.661,291.341,312.400
841,200.000,294.180,295.430,289.362,289.877,313.070
842,100.000,293.690,294.730,288.530,289.163,313.030
843,100.000,294.750,293.730,289.999,290.389,312.090
844,100.000,293.540,295.040,290.660,290.660,311.440
845,1375.000,293.400,295.520,290.660,290.660,311.860
846,400.000,294.700,295.020,290.660,290.660,312.950
847,500.000,294.290,295.830,290.660,290.660,313.440
848,800.000,294.720,295.040,276.450,309.750,313.490
849,700.000,295.490,295.540,271.114,309.750,312.670
850,100.000,294.750,295.570,273.600,309.750,312.210
851,398.000,295.230,296.340,273.797,309.504,312.730
852,1200.000,295.290,295.980,291.486,292.980,312.500
853,1000.000,296.030,296.050,290.387,291.354,312.250
854,300.000,294.910,296.180,292.348,293.127,314.430
855,0.000,295.220,297.900,293.378,294.093,314.430
856,200.000,295.510,297.810,295.897,296.720,308.980
857,100.000,297.600,297.720,296.111,296.892,311.480
858,300.000,297.510,297.380,294.656,295.338,311.820
859,775.000,297.320,297.640,294.366,295.049,310.360
860,400.000,296.910,297.410,294.126,294.755,311.280
861,400.000,297.320,296.590,294.220,294.842,310.990
862,100.000,296.240,297.030,295.045,295.626,310.970
863,0.000,296.060,297.120,293.390,293.996,310.970
864,100.000,296.660,297.000,294.199,294.869,311.740
865,0.000,296.480,296.840,294.210,294.740,311.740
866,0.000,296.740,296.650,294.567,295.051,311.740
867,0.000,296.450,296.590,295.230,295.832,311.740
868,200.000,296.090,296.720,295.103,295.658,312.910
869,100.000,295.910,297.180,295.122,295.670,314.730
870,0.000,296.190,296.890,295.318,295.800,314.730
871,332.000,296.110,301.900,295.444,295.959,315.320
872,400.000,295.710,315.530,295.597,296.075,315.990
873,1469.000,296.880,315.530,295.303,295.873,316.520
874,131.000,281.670,305.510,295.280,295.823,315.800
875,0.000,281.670,305.210,296.859,297.463,315.800
876,100.000,281.670,319.940,297.385,298.102,316.510
877,100.000,295.580,302.120,297.310,297.845,316.250
878,0.000,301.500,302.120,297.090,297.738,316.250
879,120.000,300.510,302.240,297.108,297.689,317.590
880,1000.000,300.580,301.110,296.543,297.178,318.410
881,1266.000,303.900,302.010,296.316,296.882,319.330
882,500.000,304.220,304.640,296.270,296.959,319.070
883,531.000,306.410,304.930,296.543,297.196,318.000
884,100.000,308.630,307.300,296.646,297.319,318.290
885,0.000,309.240,309.320,296.238,297.058,318.290
886,300.000,309.060,310.050,296.131,296.695,318.470
887,600.000,308.620,309.510,295.813,296.432,318.280
888,200.000,308.010,309.420,295.797,296.537,318.000
889,200.000,307.780,308.740,296.245,296.960,317.210
890,0.000,307.890,308.900,296.105,296.746,317.210
891,400.000,308.420,308.780,301.900,301.900,318.070
892,2114.000,307.860,308.740,304.237,304.237,318.140
893,100.000,306.870,308.690,315.530,315.530,319.940
894,5977.000,305.670,308.030,296.880,305.158,318.640
895,1314.000,303.620,306.280,281.670,305.233,318.300
896,800.000,304.390,304.390,281.670,305.709,317.440
897,3055.000,304.300,305.070,281.670,308.921,315.800
898,100.000,303.920,304.630,281.900,302.120,316.190
899,1700.000,304.740,304.770,301.073,302.269,315.450
900,0.000,304.080,305.480,301.511,302.320,315.450
901,100.000,304.100,304.750,300.796,301.596,313.760
902,425.000,304.010,304.340,302.504,303.211,314.860
903,400.000,303.210,304.630,303.945,304.734,316.100
904,100.000,303.730,303.990,305.164,306.015,316.080
905,200.000,303.040,304.440,308.044,308.779,317.190
906,500.000,303.770,303.730,308.278,308.961,318.180
907,6093.000,303.220,304.000,308.968,309.707,320.040
908,300.000,304.350,304.330,308.650,309.516,319.670
909,500.000,304.190,305.250,308.475,309.168,320.000
910,917.000,303.960,304.640,307.877,308.762,319.430
911,0.000,304.820,304.600,307.709,308.513,319.430
912,0.000,303.940,305.460,307.992,308.687,319.430
913,100.000,304.210,304.700,308.283,309.052,317.680
914,0.000,303.440,304.430,307.616,308.341,317.680
915,100.000,304.650,304.230,305.702,306.287,317.880
916,0.000,304.890,305.760,304.669,305.417,317.880
917,179.000,312.430,306.100,303.964,304.620,317.580
918,100.000,295.740,314.930,303.839,304.346,317.020
919,100.000,295.740,314.930,304.125,304.875,316.650
920,100.000,306.270,314.930,304.305,305.111,316.340
921,200.000,313.460,314.790,304.316,304.980,316.330
922,0.000,314.720,314.530,304.081,304.706,316.330
923,100.000,316.280,313.660,303.853,304.379,317.050
924,725.000,317.320,314.470,303.846,304.351,316.870
925,200.000,314.180,315.640,303.040,303.724,316.840
926,0.000,311.900,317.090,303.417,303.946,316.840
927,400.000,313.080,318.200,303.505,304.087,316.930
928,0.000,313.620,315.320,303.784,304.426,316.930
929,0.000,314.110,312.630,304.121,304.769,316.930
930,100.000,313.930,313.420,304.509,305.104,317.370
931,898.000,314.730,314.420,304.104,304.862,317.810
932,300.000,314.800,314.510,304.524,305.236,319.430
933,200.000,314.300,314.350,304.301,304.956,321.190
934,1000.000,315.190,315.440,304.056,304.639,320.510
935,300.000,313.800,315.620,303.921,304.602,323.070
936,100.000,313.620,315.200,304.235,305.144,325.360
937,0.000,312.130,315.960,304.752,305.719,325.360
938,100.000,311.820,314.560,314.930,314.930,322.920
939,1200.000,312.010,314.380,314.930,314.930,324.690
940,201.000,312.920,312.970,312.430,314.930,323.990
941,0.000,311.870,313.010,295.740,314.818,323.990
942,400.000,311.370,312.920,295.740,314.652,325.910
943,700.000,311.410,313.170,295.919,314.527,326.670
944,1400.000,312.640,312.650,312.156,313.569,326.410
945,200.000,312.420,311.650,314.670,315.582,326.210
946,800.000,312.540,312.150,315.498,316.250,326.730
947,2274.000,312.060,312.950,316.595,317.434,328.400
948,1304.000,312.030,313.120,315.638,316.391,329.500
949,200.000,311.500,313.440,313.109,313.825,329.390
950,100.000,312.180,312.890,313.144,313.800,330.380
951,400.000,311.850,312.800,312.844,313.439,330.270
952,500.000,312.270,312.390,314.356,315.079,330.430
953,500.000,313.250,312.850,313.992,314.709,330.220
954,100.000,312.590,312.120,314.061,314.754,330.140
955,100.000,312.820,312.990,314.775,315.400,328.230
956,100.000,312.320,313.470,314.776,315.540,327.380
957,100.000,312.480,313.800,315.035,315.822,328.030
958,0.000,312.040,313.470,314.520,315.271,328.030
959,0.000,311.690,312.590,313.341,314.155,328.030
960,200.000,291.510,312.590,313.044,313.723,327.420
961,0.000,291.510,313.230,312.098,312.903,327.420
962,100.000,291.510,312.390,312.030,312.610,328.180
963,0.000,307.150,314.030,312.536,313.241,328.180
964,400.000,311.430,314.030,312.314,313.139,327.770
965,100.000,309.010,314.030,311.515,312.142,327.930
966,500.000,309.880,314.030,311.447,312.111,326.880
967,500.000,310.820,314.030,311.859,312.513,326.870
968,900.000,310.730,314.030,312.284,312.993,325.940
969,788.000,311.070,314.030,312.053,312.788,325.400
970,5255.000,310.350,314.030,312.509,313.197,325.600
971,100.000,309.830,312.530,312.424,313.134,324.010
972,650.000,311.000,309.980,311.893,312.580,322.320
973,0.000,311.420,310.790,311.381,312.123,322.320
974,0.000,311.580,311.270,311.834,312.436,322.320
975,700.000,310.880,311.150,312.259,313.059,323.540
976,200.000,311.890,311.360,312.615,313.335,324.610
977,0.000,312.530,311.100,312.977,313.642,324.610
978,0.000,313.150,310.650,312.821,313.456,324.610
979,100.000,314.030,311.820,312.487,313.145,324.630
980,0.000,314.530,312.550,312.258,312.850,324.630
981,200.000,315.150,312.360,312.478,313.136,325.570
982,0.000,316.610,311.260,312.488,313.455,325.570
983,0.000,315.740,312.330,314.030,314.030,325.570
984,0.000,315.040,313.310,314.030,314.030,325.570
985,0.000,316.130,313.940,314.030,314.030,325.570
986,0.000,316.020,315.300,314.030,314.030,325.570
987,0.000,316.140,314.840,291.510,314.030,325.570
988,0.000,317.700,315.470,291.510,314.030,325.570
989,100.000,317.250,317.030,291.510,314.030,324.070
990,0.000,318.200,316.550,291.769,314.030,324.070
991,0.000,318.260,316.250,312.500,313.848,324.070
992,0.000,318.150,316.460,309.901,310.986,324.070
993,0.000,317.740,316.770,309.242,310.226,324.070
994,0.000,317.170,317.470,310.138,310.981,324.070
995,0.000,317.700,318.000,311.069,311.798,324.070
996,0.000,317.560,318.020,310.467,311.136,324.070
997,0.000,317.670,318.800,310.592,311.209,324.070
998,0.000,317.300,318.940,310.161,310.811,324.070
999,0.000,316.630,319.410,310.685,311.408,324.070
1000,0.000,317.600,318.140,311.297,312.080,324.070
1001,0.000,317.870,317.840,311.415,312.301,324.070
1002,100.000,317.550,318.460,311.259,311.881,326.010
1003,100.000,319.200,318.340,311.429,312.185,325.900
1004,0.000,319.200,318.600,312.244,312.866,325.900
1005,0.000,319.200,318.220,312.645,313.433,325.900
1006,200.000,319.200,317.420,313.790,314.457,327.320
1007,0.000,319.200,318.440,314.433,315.076,327.320
1008,500.000,304.950,318.990,314.642,315.258,328.280
1009,100.000,304.950,318.830,315.531,316.093,328.030
1010,768.000,315.440,324.230,315.861,316.610,330.020
1011,1699.000,319.140,324.020,315.437,316.170,330.470
1012,611.000,318.580,324.220,315.560,316.051,330.630
1013,0.000,317.980,322.540,316.045,316.621,330.630
1014,100.000,316.910,323.890,315.946,316.945,327.370
1015,100.000,315.650,321.640,317.007,317.922,326.900
1016,0.000,316.020,320.260,317.460,318.127,326.900
1017,1100.000,315.220,319.390,317.622,318.235,328.230
1018,0.000,313.510,318.610,318.354,319.205,328.230
1019,300.000,313.600,317.700,318.276,319.131,328.580
1020,0.000,315.110,316.880,317.979,318.540,328.580
1021,0.000,316.140,317.320,317.598,318.191,328.580
1022,100.000,316.330,316.010,317.455,318.102,327.290
1023,0.000,317.500,314.320,317.738,318.496,327.290
1024,0.000,318.490,314.320,317.620,318.350,327.290
1025,100.000,318.910,315.880,317.589,318.438,328.800
1026,0.000,319.100,316.630,317.008,317.862,328.800
1027,0.000,319.440,317.040,316.765,317.649,328.800
1028,0.000,318.760,318.050,317.788,318.445,328.800
1029,0.000,318.200,319.300,318.100,318.726,328.800
1030,400.000,317.480,319.710,319.200,319.200,328.690
1031,100.000,317.570,320.340,319.200,319.200,328.970
1032,0.000,317.610,320.300,319.200,324.230,328.970
1033,0.000,316.540,319.510,319.200,324.209,328.970
1034,700.000,317.120,318.990,319.200,324.224,328.050
1035,0.000,317.510,318.300,304.950,323.422,328.050
1036,800.000,315.850,317.840,304.950,322.608,328.110
1037,0.000,315.660,318.440,305.130,324.682,328.110
1038,0.000,315.820,317.280,319.166,320.520,328.110
1039,0.000,316.110,317.390,318.861,319.679,328.110
1040,200.000,316.690,318.340,318.378,319.072,329.390
1041,0.000,316.710,316.750,317.596,318.359,329.390
1042,554.000,316.380,316.560,316.419,317.107,328.330
1043,0.000,316.380,316.660,316.013,316.818,328.330
1044,200.000,316.460,317.090,314.785,315.553,328.670
1045,105.000,316.470,317.250,314.163,314.997,328.500
1046,200.000,316.640,317.420,313.323,314.054,329.010
1047,108.000,316.630,316.920,314.586,315.243,329.080
1048,100.000,316.920,316.880,315.549,316.332,329.960
1049,4385.000,317.210,317.060,315.635,316.340,333.980
1050,100.000,318.840,317.270,316.972,317.786,334.000
1051,700.000,318.840,317.310,317.735,318.316,333.560
1052,200.000,318.840,317.300,319.240,319.846,332.510
1053,200.000,304.520,318.230,319.048,319.781,332.930
1054,800.000,304.520,318.530,319.339,320.242,334.010
1055,300.000,314.570,322.540,318.976,319.891,332.350
1056,300.000,318.880,322.540,318.632,319.395,332.700
1057,300.000,320.140,322.540,317.934,318.780,331.810
1058,100.000,320.150,338.330,317.665,318.355,330.630
1059,200.000,322.810,338.330,317.286,318.078,331.230
1060,0.000,323.240,320.980,317.074,317.828,331.230
1061,200.000,322.920,320.010,316.705,317.438,329.650
1062,699.000,322.940,321.040,317.155,317.836,326.160
1063,0.000,324.020,320.660,316.754,317.449,326.160
1064,100.000,323.870,324.200,315.988,316.735,327.120
1065,1640.000,324.430,323.870,316.259,316.888,326.300
1066,300.000,325.180,323.690,316.084,316.644,323.690
1067,100.000,326.190,324.010,316.316,317.067,323.720
1068,300.000,325.760,324.770,316.811,317.431,322.590
1069,100.000,325.420,324.430,316.378,316.976,323.300
1070,1000.000,325.900,325.410,316.450,317.024,322.300
1071,5620.000,328.000,326.400,316.423,317.056,320.630
1072,3020.000,328.480,326.520,316.727,317.349,320.290
1073,459.000,329.320,326.670,316.528,317.640,322.000
1074,1860.000,329.360,326.220,316.593,317.376,322.540
1075,878.000,330.010,326.600,316.848,317.522,321.510
1076,0.000,330.110,328.720,317.441,318.297,321.510
1077,100.000,329.450,329.270,318.740,322.540,320.520
1078,100.000,329.040,329.800,318.840,322.540,321.080
1079,0.000,326.380,330.100,318.840,322.540,321.080
1080,200.000,327.590,331.160,304.520,338.330,320.690
1081,100.000,327.610,330.510,304.520,338.330,320.300
1082,0.000,327.400,330.360,304.685,326.920,320.300
1083,100.000,326.670,329.360,318.526,320.061,318.950
1084,200.000,327.410,326.820,319.230,320.143,318.430
1085,0.000,327.510,328.770,320.135,320.985,318.430
1086,990.000,327.180,328.080,321.482,322.501,317.270
1087,1701.000,327.670,328.210,323.774,324.680,316.630
1088,1745.000,327.170,326.970,322.833,323.703,315.000
1089,100.000,326.620,328.240,322.847,323.738,315.950
1090,200.000,325.810,328.240,323.031,323.895,315.000
1091,223.000,325.920,327.980,323.810,324.706,314.960
1092,0.000,325.430,328.390,323.667,324.433,314.960
1093,0.000,325.340,328.350,325.272,326.184,314.960
1094,1049.000,324.930,327.270,325.634,326.308,315.610
1095,476.000,309.000,326.250,326.056,326.623,314.630
1096,500.000,320.070,327.070,325.952,326.578,313.660
1097,0.000,321.970,326.450,325.454,326.180,313.660
1098,500.000,321.380,325.630,327.073,327.900,311.990
1099,100.000,319.990,326.240,328.491,329.125,311.740
1100,0.000,321.310,329.220,328.884,329.615,311.740
1101,500.000,323.390,329.220,329.774,330.292,311.470
1102,100.000,324.420,329.220,330.057,330.919,312.920
1103,200.000,324.170,328.220,329.955,330.717,314.270
1104,400.000,324.450,327.550,329.790,330.522,315.780
1105,300.000,323.920,326.830,329.431,330.291,315.860
1106,0.000,324.420,327.080,327.797,328.489,315.860
1107,0.000,324.400,322.810,326.988,327.599,315.860
1108,800.000,324.060,321.850,327.638,328.117,314.380
1109,200.000,324.040,321.410,327.592,328.135,314.580
1110,0.000,324.860,322.570,326.937,327.629,314.580
1111,700.000,325.520,323.780,326.951,327.686,315.220
1112,500.000,324.310,324.820,327.546,328.249,317.710
1113,701.000,324.630,324.990,327.438,328.213,316.390
1114,700.000,323.960,325.310,328.080,328.848,317.050
1115,300.000,322.740,325.260,327.210,328.083,317.090
1116,700.000,323.690,324.920,327.492,328.283,317.700
1117,500.000,323.810,325.240,326.248,327.021,317.890
1118,100.000,323.080,324.920,326.097,327.130,317.620
1119,1000.000,324.130,324.420,325.941,326.800,317.760
1120,900.000,324.220,325.230,325.589,326.242,318.630
1121,100.000,324.270,325.870,325.285,326.066,318.810
1122,200.000,325.440,325.630,329.220,329.220,318.450
1123,0.000,326.010,325.330,329.220,329.220,318.450
1124,300.000,325.600,325.130,329.220,329.220,317.950
1125,401.000,326.000,323.780,328.885,328.885,317.650
1126,1700.000,325.880,324.530,328.082,328.082,316.130
1127,700.000,325.910,324.650,309.000,327.176,314.640
1128,100.000,325.920,323.970,309.189,327.239,319.150
1129,300.000,325.790,324.930,323.344,324.797,319.900
1130,300.000,326.090,324.850,321.877,322.724,322.400
1131,302.000,326.370,324.880,320.724,321.672,321.970
1132,350.000,326.520,325.810,321.047,322.007,321.950
1133,1795.000,327.870,326.800,322.365,323.203,319.620
1134,400.000,328.060,326.170,323.921,324.674,319.520
1135,900.000,327.220,327.140,324.410,325.173,320.230
1136,1861.000,310.070,326.500,324.232,324.954,321.710
1137,400.000,310.070,326.190,324.350,325.163,322.040
1138,400.000,324.100,326.670,324.444,325.255,322.820
1139,100.000,329.010,326.130,324.964,325.727,322.080
1140,0.000,330.420,327.250,324.815,325.527,322.080
1141,500.000,328.170,326.690,324.146,324.731,321.150
1142,100.000,326.720,327.490,324.323,324.949,320.200
1143,100.000,326.300,328.730,325.051,325.601,320.980
1144,0.000,328.250,328.780,325.224,325.936,320.980
1145,0.000,327.350,328.550,324.946,325.570,320.980
1146,925.000,328.140,330.240,324.489,325.109,319.660
1147,0.000,328.410,330.270,323.373,324.140,319.660
1148,225.000,327.970,330.270,323.283,324.052,319.360
1149,100.000,326.530,334.230,323.742,324.291,317.370
1150,1325.000,326.620,333.060,323.498,324.244,317.370
1151,300.000,327.160,332.310,323.790,324.600,318.130
1152,325.000,326.960,332.310,323.822,324.514,317.710
1153,525.000,327.870,329.360,324.224,324.923,318.710
1154,200.000,328.760,329.890,324.816,325.334,318.890
1155,200.000,328.840,330.700,325.523,326.111,318.800
1156,400.000,327.440,329.200,325.752,326.475,318.160
1157,448.000,327.450,328.060,325.962,326.597,318.650
1158,100.000,327.450,327.040,325.842,326.370,318.850
1159,0.000,328.300,328.970,325.525,326.228,318.850
1160,200.000,328.710,328.660,325.606,326.249,319.140
1161,200.000,328.300,329.050,325.599,326.114,319.600
1162,100.000,328.390,329.240,326.254,326.963,319.370
1163,600.000,328.140,328.290,326.108,326.742,319.130
1164,100.000,328.110,326.830,326.348,327.102,319.340
1165,1720.000,328.280,327.480,327.465,328.190,320.600
1166,,328.160,327.490,327.876,328.588,
1167,,328.150,327.830,327.514,328.267,
1168,,328.240,328.180,332.345,332.345,
1169,,328.420,329.070,330.253,330.253,
1170,,327.900,329.090,330.270,330.270,
1171,,328.170,328.510,331.734,331.734,
1172,,328.570,328.700,333.228,333.228,
1173,,328.380,328.200,310.070,332.810,
1174,,328.220,328.670,310.070,332.310,
1175,,328.930,329.460,310.306,332.226,
1176,,328.370,329.070,328.902,330.136,
1177,,329.570,329.140,329.827,330.506,
1178,,315.250,328.850,329.559,330.376,
1179,,315.250,328.750,327.881,328.610,
1180,,332.250,328.610,326.803,327.650,
1181,,333.430,328.680,327.421,328.067,
1182,,333.690,328.930,328.012,328.687,
1183,,333.710,328.940,327.791,328.393,
1184,,331.150,329.200,328.053,328.772,
1185,,332.930,329.070,328.254,328.829,
1186,,333.340,328.420,327.099,327.686,
1187,,331.890,328.820,326.315,326.967,
1188,,332.270,328.660,327.019,327.725,
1189,,331.760,328.990,326.671,327.540,
1190,,330.560,329.490,327.378,327.986,
1191,,330.260,329.740,328.301,328.899,
1192,,329.300,330.900,328.488,329.234,
1193,,328.340,350.690,328.321,329.069,
1194,,326.580,350.690,328.062,328.658,
1195,,327.390,338.000,327.898,328.583,
1196,,326.560,334.480,328.009,328.664,
1197,,325.700,334.870,328.498,329.203,
1198,,323.210,334.270,328.326,329.002,
1199,,323.440,332.070,328.397,329.093,
1200,,322.650,333.850,327.957,328.643,
1201,,322.780,334.480,327.840,328.571,
1202,,321.520,332.450,327.937,328.564,
1203,,320.400,333.130,328.168,328.823,
1204,,321.290,332.680,328.040,328.721,
1205,,321.960,331.320,327.780,328.431,
1206,,322.430,331.030,328.721,329.326,
1207,,321.020,330.070,328.454,328.995,
1208,,320.420,329.050,328.284,328.740,
1209,,319.550,327.550,328.548,329.210,
1210,,320.680,327.730,328.409,328.997,
1211,,320.370,326.870,327.966,328.837,
1212,,320.690,326.370,328.594,329.293,
1213,,319.310,324.080,328.951,329.612,
1214,,318.530,324.300,329.387,330.171,
1215,,318.660,323.440,315.250,350.690,
1216,,318.390,323.640,315.250,350.690,
1217,,317.620,322.310,315.476,342.160,
1218,,316.710,321.090,333.734,334.854,
1219,,315.980,321.610,333.230,334.146,
1220,,313.620,322.190,333.559,334.360,
1221,,313.620,323.130,332.460,333.107,
1222,,313.620,321.520,332.140,332.989,
1223,,313.620,321.280,333.521,334.331,
1224,,313.620,320.410,332.744,333.553,
1225,,313.620,322.040,332.187,332.925,
1226,,313.620,321.280,332.113,332.824,
1227,,313.620,321.000,331.395,332.082,
1228,,313.620,319.730,330.661,331.307,
1229,,313.620,319.260,329.665,330.401,
1230,,298.790,319.410,329.202,329.808,
1231,,298.790,319.170,326.952,327.674,
1232,,309.670,318.900,326.862,327.538,
1233,,314.770,317.840,326.863,327.540,
1234,,315.230,317.320,325.788,326.371,
1235,,315.510,318.060,323.887,324.648,
1236,,314.690,318.030,322.998,323.670,
1237,,315.170,318.060,322.748,323.270,
1238,,314.230,322.790,322.979,323.599,
1239,,315.290,318.810,322.618,323.262,
1240,,314.450,316.210,321.102,321.545,
1241,,312.890,315.690,320.029,320.681,
1242,,313.490,315.810,321.796,322.461,
1243,,311.480,316.250,322.470,323.054,
1244,,311.660,315.050,321.758,322.398,
1245,,312.900,315.710,321.089,321.736,
1246,,311.870,315.570,319.801,320.522,
1247,,312.360,315.770,320.643,321.204,
1248,,314.220,314.990,320.579,321.302,
1249,,316.070,314.210,320.555,321.252,
1250,,315.370,313.940,319.375,320.150,
1251,,315.070,311.880,318.230,319.025,
1252,,314.360,311.890,318.465,319.318,
1253,,314.430,313.230,318.350,319.151,
1254,,315.350,312.480,317.724,318.825,
1255,,315.450,312.770,317.273,318.233,
1256,,315.400,314.850,316.418,317.236,
1257,,317.540,316.300,313.620,313.620,
1258,,316.350,315.900,313.620,313.620,
1259,,316.700,315.420,313.620,313.620,
1260,,316.720,314.550,313.620,313.620,
1261,,317.730,314.570,313.620,313.620,
1262,,317.810,315.660,313.620,313.620,
1263,,317.510,315.950,313.620,313.620,
1264,,317.830,315.530,313.620,318.306,
1265,,317.990,317.940,313.620,318.046,
1266,,318.410,316.520,313.620,318.037,
1267,,318.180,317.100,298.790,318.566,
1268,,318.110,316.870,298.790,319.288,
1269,,317.930,318.260,298.973,317.943,
1270,,316.740,317.950,315.091,316.120,
1271,,315.480,317.800,315.116,315.864,
1272,,300.100,318.050,315.527,316.123,
1273,,300.100,318.250,314.654,315.245,
1274,,313.060,318.910,313.724,314.297,
1275,,314.350,318.590,314.878,315.450,
1276,,318.580,318.560,315.300,315.826,
1277,,319.210,318.320,315.258,315.736,
1278,,322.080,317.860,313.438,313.911,
1279,,321.010,316.780,313.330,313.901,
1280,,321.640,320.220,312.506,313.002,
1281,,319.500,320.220,311.169,311.612,
1282,,319.540,320.220,312.353,312.793,
1283,,320.180,320.220,311.653,312.092,
1284,,321.430,320.220,312.512,312.972,
1285,,322.110,319.530,313.733,314.179,
1286,,322.320,315.040,315.051,315.481,
1287,,321.540,319.440,315.562,316.027,
1288,,322.170,320.450,315.047,315.493,
1289,,320.050,322.580,314.630,315.081,
1290,,319.840,321.730,314.181,314.602,
1291,,320.020,321.990,314.993,315.410,
1292,,319.960,319.920,315.128,315.629,
1293,,320.170,319.900,315.382,315.786,
1294,,319.600,320.530,316.503,316.823,
1295,,318.820,321.850,316.695,317.096,
1296,,317.930,322.620,316.608,316.952,
1297,,316.900,322.970,316.722,317.096,
1298,,317.320,321.860,316.878,317.202,
1299,,317.360,322.400,317.940,318.225,
1300,,318.490,320.350,317.588,317.911,
1301,,318.970,320.310,317.561,317.863,
1302,,318.830,320.630,318.077,318.336,
1303,,318.130,320.380,318.319,318.683,
1304,,318.300,320.430,318.270,318.701,
1305,,318.840,319.880,318.338,318.745,
1306,,318.510,320.200,317.684,318.048,
1307,,318.620,318.280,317.493,317.835,
1308,,318.940,317.410,316.336,316.738,
1309,,319.350,317.450,320.220,320.220,
1310,,319.400,317.670,320.220,320.220,
1311,,318.850,318.790,320.220,320.220,
1312,,318.940,319.260,300.100,320.220,
1313,,319.890,319.500,300.100,320.323,
1314,,,318.420,300.319,319.766,
1315,,,318.570,314.787,315.936,
1316,,,319.200,317.099,317.971,
1317,,,318.940,319.490,320.400,
1318,,,319.120,321.169,321.942,
1319,,,319.300,321.253,321.965,
1320,,,319.630,321.446,322.084,
1321,,,319.890,320.664,321.093,
1322,,,319.350,319.350,319.838,
1323,,,320.160,319.608,320.057,
1324,,,321.180,321.148,321.537,
1325,,,,321.673,322.098,
1326,,,,322.461,322.912,
1327,,,,321.638,322.196,
1328,,,,321.590,322.054,
1329,,,,321.089,321.539,
1330,,,,320.339,320.739,
1331,,,,320.324,320.738,
1332,,,,319.901,320.346,
1333,,,,320.122,320.525,
1334,,,,319.941,320.330,
1335,,,,319.399,319.896,
1336,,,,319.009,319.453,
1337,,,,317.622,318.035,
1338,,,,317.251,317.621,
1339,,,,317.664,318.049,
1340,,,,317.831,318.196,
1341,,,,318.715,319.081,
1342,,,,319.096,319.516,
1343,,,,318.610,318.978,
1344,,,,318.110,318.477,
1345,,,,318.451,318.819,
1346,,,,318.850,319.243,
1347,,,,318.479,318.841,
1348,,,,319.020,319.414,
1349,,,,319.279,319.665,
1350,,,,319.106,319.471,
1351,,,,319.016,319.451,
1352,,,,319.174,319.564,
1353,,,,320.027,320.439,
